,hospital_id,will_die_mean,will_readmit_mean,will_return_mean,will_stay_long_mean,survive_current_icu_mean,unit_readmission_mean,length_of_stay_mean,length_of_stay_var,length_of_icu_mean,length_of_icu_var,age_mean,age_var
0,59,0.010550996483001172,0.07268464243845252,0.3399765533411489,0.20750293083235638,0.9941383352872216,0.041031652989449004,76.45830402500978,5562.866288226188,26.63898007033998,1024.2025681682253,67.88159437280187,247.56694956766782
1,73,0.05624822896004534,0.07509209407764239,0.21960895437801076,0.5320204023802777,0.9678379144233494,0.059931992065741006,193.1062623972797,55318.06601032573,71.21147633890621,17605.138315364555,63.02082742986682,269.6222103397775
2,60,0.028446389496717725,0.12035010940919037,0.3610503282275711,0.2713347921225383,0.9846827133479212,0.06783369803063458,92.83931436907366,8803.163770191648,38.94361779722829,2734.684806278552,65.55142231947484,322.5198280164306
3,68,0.015965166908563134,0.07256894049346879,0.3062409288824383,0.27866473149492016,0.9854862119013063,0.04644412191582003,109.40198355104015,20011.102650291068,38.70592646347364,5135.994609125076,64.32801161103048,288.00853106963245
4,67,0.04048582995951417,0.05060728744939271,0.3360323886639676,0.2975708502024291,0.97165991902834,0.032388663967611336,104.46710526315788,10596.200558180019,44.36605937921727,4339.773480586054,63.864372469635626,240.13369767842917
5,66,0.023952095808383235,0.05289421157684631,0.24550898203592814,0.3772455089820359,0.9880239520958084,0.03493013972055888,139.225748502994,28546.783188056124,47.72139055222887,5420.7793987970335,64.30439121756487,309.72443624240026
6,63,0.047174986286341196,0.1442676906198574,0.35436094349972574,0.3362589138782227,0.9731212287438289,0.08283049917718047,125.44749497165843,22289.67196133939,42.48920277930151,5595.900421074055,61.83488754799781,259.81300831610724
7,71,0.02747791952894995,0.08047105004906771,0.23748773307163887,0.2934249263984298,0.9842983316977428,0.05789990186457311,104.12737978410206,12557.342590584612,41.54838076545633,3107.0807960548314,67.25515210991168,206.82481380296952
8,56,0.021604938271604937,0.033950617283950615,0.25925925925925924,0.20679012345679013,0.9845679012345679,0.021604938271604937,79.32006172839506,6001.778875606772,47.519032921810705,2958.4623112049667,69.15432098765432,285.5860184229637
9,69,0.03597122302158273,0.06474820143884892,0.2892086330935252,0.14964028776978416,0.9784172661870504,0.03597122302158273,63.72637889688249,4527.66978826161,31.279688249400476,1782.4580598610448,65.41007194244604,306.19615201210786
10,58,0.025078369905956112,0.034482758620689655,0.21630094043887146,0.1974921630094044,0.9843260188087775,0.02821316614420063,73.22533960292581,8456.613104138325,29.539864158829676,2503.2522536851925,58.03134796238245,316.3134796238245
11,61,0.03862660944206009,0.034334763948497854,0.2317596566523605,0.1072961373390558,0.9785407725321889,0.017167381974248927,59.336909871244636,3054.849972785424,27.660371959942776,933.5998907614326,59.99570815450644,465.52153322480393
12,92,0.032423208191126277,0.04436860068259386,0.04436860068259386,0.33276450511945393,0.9709897610921502,0.04436860068259386,107.07386234357224,10632.549439586717,40.53614903299203,2116.454264138055,67.98805460750853,234.6716519354745
13,79,0.09063214013709063,0.07463823305407463,0.07616146230007616,0.5338918507235338,0.9246001523229246,0.07387661843107388,196.2009393247017,40004.350078300595,62.039730896166546,5090.608197098937,59.47143945163747,335.3057766611558
14,108,0.025423728813559324,0.02824858757062147,0.031073446327683617,0.2655367231638418,0.9745762711864406,0.02824858757062147,95.78733521657249,9853.849633766442,46.19915254237288,2313.281977561179,62.409604519774014,319.5286327043421
15,83,0.06557377049180328,0.03278688524590164,0.03278688524590164,0.2459016393442623,0.9344262295081968,0.03278688524590164,86.48333333333333,10368.434129629628,48.240163934426235,3711.978734972677,58.36065573770492,511.03442622950814
16,95,0.01171875,0.03125,0.03515625,0.23828125,0.98828125,0.0234375,84.11419270833332,4170.323078822848,47.299609374999996,1648.1314442912587,65.671875,372.3860294117647
17,84,0.06818181818181818,0.022727272727272728,0.022727272727272728,0.29545454545454547,0.9318181818181818,0.022727272727272728,131.930303030303,41936.945029363385,51.59848484848485,2210.0244550152693,67.63636363636364,300.65539112050743
18,93,0.05357142857142857,0.017857142857142856,0.017857142857142856,0.30357142857142855,0.9464285714285714,0.017857142857142856,118.68571428571428,21098.36446897547,51.60059523809524,1625.171231962482,73.66071428571429,190.9555194805195
19,86,0.0,0.0,0.0,0.0,1.0,0.0,28.402222222222225,1172.5688835978835,20.418888888888887,532.9761058201058,58.93333333333333,438.06666666666666
20,90,0.06666666666666667,0.0,0.0,0.2,0.9333333333333333,0.0,77.66888888888889,7929.257613756613,25.23888888888889,578.200582010582,67.4,300.6857142857143
21,85,0.05660377358490566,0.07547169811320754,0.07547169811320754,0.7547169811320755,0.9433962264150944,0.05660377358490566,426.18018867924525,229498.139765562,145.07012578616354,45365.59100810353,62.339622641509436,245.8824383164006
22,102,0.0967741935483871,0.0,0.0,0.4838709677419355,0.9032258064516129,0.0,148.96774193548387,19779.266350657108,93.27849462365592,11951.650466547198,59.064516129032256,326.86236559139786
23,96,0.0,0.0,0.0,0.09523809523809523,1.0,0.0,47.54206349206349,1747.734517195767,26.1468253968254,523.4022394179896,55.285714285714285,401.4142857142857
24,94,0.0,0.0,0.0,0.2222222222222222,1.0,0.0,82.7351851851852,3292.2051697530874,32.47222222222222,708.3106944444446,65.33333333333333,715.75
25,91,0.0,0.0,0.0,0.3333333333333333,1.0,0.0,90.31888888888889,7855.184875661376,44.30777777777778,2363.0910264550266,71.46666666666667,348.9809523809525
26,110,0.07677067855373948,0.05052005943536404,0.1981178801386825,0.3298662704309064,0.937592867756315,0.03268945022288262,160.42079412250288,918587.6900080079,65.2464338781575,6770.045912009431,63.016344725111445,260.1924978315517
27,122,0.10030601836110166,0.0550833049982999,0.07888473308398504,0.5076504590275417,0.9156749404964298,0.059843590615436926,186.24826022894706,110178.26905016566,81.91221806641731,11402.102888460971,62.735124107446445,261.385939346837
28,123,0.0660377358490566,0.02358490566037736,0.25471698113207547,0.2028301886792453,0.9386792452830188,0.014150943396226415,89.36996855345913,17581.45077893529,50.26422955974843,2697.181898982334,63.37264150943396,343.7704327997854
29,125,0.020242914979757085,0.03643724696356275,0.06882591093117409,0.22672064777327935,0.979757085020243,0.02834008097165992,86.14412955465588,12067.238616030121,46.38151147098515,2049.5044015905405,58.08906882591093,376.7887824627234
30,135,0.043478260869565216,0.0,0.13043478260869565,0.17391304347826086,0.9565217391304348,0.0,78.3876811594203,4098.054172156345,40.5927536231884,1921.094768335529,58.56521739130435,404.71146245059293
31,112,0.05675675675675676,0.04864864864864865,0.0918918918918919,0.3837837837837838,0.9432432432432433,0.03513513513513514,137.46022522522523,22440.573340659765,57.15842342342343,5782.986584228538,58.054054054054056,318.39273419761224
32,133,0.017543859649122806,0.0043859649122807015,0.017543859649122806,0.12280701754385964,0.9824561403508771,0.0043859649122807015,54.72880116959064,3372.744433602975,36.681652046783626,1227.9803312283705,61.60087719298246,380.09110054872866
33,120,0.09433962264150944,0.018867924528301886,0.04716981132075472,0.29245283018867924,0.9056603773584906,0.018867924528301886,95.31383647798741,4894.115182389937,43.775,1474.5320171957667,59.12264150943396,399.0038634321653
34,131,0.2366412213740458,0.07633587786259542,0.1450381679389313,0.8931297709923665,0.8091603053435115,0.07633587786259542,673.474427480916,231212.58112093038,478.2115776081425,193725.48055937234,64.13740458015268,228.9040516735173
35,115,0.07142857142857142,0.02857142857142857,0.18571428571428572,0.14285714285714285,0.9285714285714286,0.014285714285714285,73.39357142857143,2508.688094145388,43.249523809523815,1461.1026487232575,70.08571428571429,386.94906832298125
36,138,0.005780346820809248,0.005780346820809248,0.017341040462427744,0.2543352601156069,0.9942196531791907,0.005780346820809248,124.95443159922925,42518.93000608654,49.87793834296724,3324.540319562068,52.83815028901734,445.8224895819331
37,136,0.0,0.0,0.0,0.0,1.0,0.0,78.44444444444444,346.32009259259274,29.433333333333334,282.6302777777778,46.333333333333336,974.3333333333333
38,144,0.07064555420219244,0.05602923264311815,0.05968331303288672,0.3556638246041413,0.9403166869671132,0.06577344701583435,151.5737312220869,138999.45218580353,56.66703207470564,6690.861778999105,61.34957369062119,326.21789311072155
39,143,0.040376850605652756,0.07806191117092867,0.08344549125168237,0.5087483176312247,0.9650067294751009,0.10497981157469717,183.9472409152086,50876.90486097558,55.62467474203679,7632.135125586637,71.39300134589502,299.08253855390655
40,142,0.11896745230078563,0.08080808080808081,0.17676767676767677,0.6363636363636364,0.9186307519640853,0.11616161616161616,308.29629629629625,468403.2889656248,82.04876543209878,13526.776232800274,66.0763187429854,280.6331390516305
41,140,0.05762081784386617,0.040892193308550186,0.040892193308550186,0.44052044609665425,0.9516728624535316,0.040892193308550186,152.42369888475835,20429.4609337995,59.67766418835192,7930.599949696249,67.13011152416357,387.99793704526735
42,141,0.054209183673469385,0.13201530612244897,0.15497448979591838,0.4719387755102041,0.9579081632653061,0.1288265306122449,193.0200680272109,128510.98211279407,61.31139455782313,5188.917687566837,68.73533163265306,265.4174617916726
43,175,0.040110650069156296,0.059474412171507604,0.40802213001383125,0.2793914246196404,0.9626556016597511,0.029045643153526972,98.92321346242508,9358.705743475915,47.32955278930382,3070.2907528468168,61.73305670816044,290.09346252725067
44,165,0.05666557484441533,0.07926629544710122,0.41893219783819197,0.44087782509007534,0.9554536521454308,0.044546347854569276,144.36425919860247,16929.35938121618,38.204017905884925,3612.2747464840245,59.309531608254176,321.9365965367627
45,152,0.05151688609044076,0.04350314825414997,0.35145964510589583,0.38065254722381225,0.9519175729822553,0.02633085289066972,117.62033008967755,12549.983006172002,38.01542644533486,4246.097954741993,69.4338866628506,139.0819667294154
46,167,0.0549991791167296,0.08537186012149073,0.446888852405188,0.4577245115744541,0.9574782465933345,0.050894762764734855,165.742595632901,35622.98185594905,45.66057024024517,7820.004973500718,58.927762272204895,324.9668662396995
47,171,0.04702529390808693,0.11756323477021731,0.5122907018168864,0.3605272532953331,0.9757748485928037,0.055575347345920914,124.93391521197007,14319.062474714752,30.03827930174564,1561.8927407341903,59.571072319201996,285.08181435221644
48,154,0.06026666666666667,0.09173333333333333,0.4149333333333333,0.4053333333333333,0.9525333333333333,0.0496,141.43723555555556,28704.173789312143,37.75753777777778,5051.023928091703,67.56426666666667,304.16382383493413
49,148,0.05067684831655675,0.06768483165567511,0.4081916001388407,0.391877820201319,0.9597362027073932,0.03713988198542173,131.3293590188592,14981.574652119865,45.20015619576536,5019.384751808156,71.38111766747657,182.78386555594125
50,176,0.03836376242200139,0.10030043910330483,0.43633002079963024,0.4367922348047146,0.9704183036746014,0.055465680610122484,149.28305215314688,23594.89876340528,44.05437947769817,5608.227302372735,61.9320545412526,298.71013038260014
51,157,0.10850860420650095,0.10086042065009561,0.4397705544933078,0.4670172084130019,0.9249521988527725,0.05305927342256214,140.76199808795414,15400.994824625748,39.1902166985341,3490.832202716184,67.01434034416826,253.89458143934718
52,155,0.062206572769953054,0.06807511737089202,0.4354460093896714,0.42488262910798125,0.9577464788732394,0.03990610328638498,149.07153755868543,20377.53135077323,47.95119327073552,5656.5679150778915,60.23474178403756,298.44776926344593
53,164,0.05084745762711865,0.04519774011299435,0.2711864406779661,0.288135593220339,0.9661016949152542,0.02824858757062147,94.80527306967984,7023.446569258973,35.75178907721281,2427.7237010108142,62.943502824858754,301.64451720595787
54,146,0.047766749379652605,0.07568238213399504,0.40198511166253104,0.3970223325062035,0.9646401985111662,0.03784119106699752,145.656399917287,31417.7825266065,39.49203887510339,3037.7496962197447,60.23821339950372,310.3615928333895
55,174,0.04580152671755725,0.0,0.2366412213740458,0.16030534351145037,0.9541984732824428,0.0,67.24669211195928,2829.243916324134,33.760941475826975,1557.7806785085145,64.09160305343511,252.43769817968288
56,158,0.030364372469635626,0.02834008097165992,0.3582995951417004,0.22267206477732793,0.9757085020242915,0.01417004048582996,97.05506072874493,12930.821542964526,41.47672064777328,2787.2752333980266,62.19433198380567,271.9459312972711
57,179,0.06172839506172839,0.024691358024691357,0.1728395061728395,0.09876543209876543,0.9629629629629629,0.012345679012345678,60.10370370370371,4059.640069444444,32.30123456790123,1070.7636026234568,67.12345679012346,322.33456790123455
58,151,0.14285714285714285,0.0,0.21428571428571427,0.14285714285714285,0.9285714285714286,0.0,51.96785714285715,3937.528011294261,22.875,690.6790918803417,54.785714285714285,515.8736263736265
59,156,0.0,0.0,0.15,0.05,1.0,0.0,45.19083333333333,1408.9105986842105,16.894166666666663,148.14471564327482,55.15,480.13421052631577
60,184,0.08313253012048193,0.05421686746987952,0.06867469879518072,0.519277108433735,0.9228915662650602,0.051807228915662654,162.11783132530118,18367.122903748488,73.17453815261044,6551.913714268412,67.98433734939759,256.17466391500864
61,181,0.07543103448275862,0.0603448275862069,0.07974137931034483,0.5086206896551724,0.9310344827586207,0.057112068965517244,175.67474856321837,35204.767650661866,68.62663433908047,9989.93731363913,65.12823275862068,247.2618557731652
62,183,0.06276346604215456,0.08009367681498829,0.25526932084309134,0.4585480093676815,0.9466042154566745,0.05620608899297424,147.9176424668228,21987.623138040388,70.23402029664325,8612.681851032597,67.60983606557377,235.1218338531504
63,182,0.02972027972027972,0.038461538461538464,0.42132867132867136,0.3548951048951049,0.9772727272727273,0.019230769230769232,122.45233100233101,15793.22343977972,59.86695804195803,4981.200382285063,65.77272727272727,302.3930902722496
64,180,0.05804749340369393,0.044854881266490766,0.047493403693931395,0.554089709762533,0.941952506596306,0.0395778364116095,170.30272647317506,19577.98381088883,89.49494283201408,9078.870536526705,62.952506596306065,255.93953735114684
65,188,0.08266072919565823,0.06902310047314222,0.09323684942944614,0.532980795992207,0.9287503478986919,0.06902310047314222,222.16815567306801,121492.64697308227,72.32187586974673,8015.0150524316305,63.47258558307821,258.77158955454706
66,196,0.0748663101604278,0.053475935828877004,0.09358288770053476,0.3155080213903743,0.9331550802139037,0.045454545454545456,136.26541889483067,45302.13450990745,68.94688057040997,23195.124346811433,63.844919786096256,287.90618055655113
67,197,0.06725468577728776,0.08710033076074973,0.1328555678059537,0.5330760749724366,0.9399117971334069,0.07938257993384785,181.4093807423741,34963.35733258806,72.24500183755973,7266.392401614878,65.28445424476295,238.2069617262561
68,198,0.05337519623233909,0.06436420722135008,0.07849293563579278,0.6687598116169545,0.9497645211930926,0.06436420722135008,244.00188383045528,59773.82183519472,102.92744636316066,21945.82968620104,59.55886970172684,268.6337144436875
69,194,0.08244680851063829,0.031914893617021274,0.0398936170212766,0.4228723404255319,0.925531914893617,0.02925531914893617,141.13390957446808,17705.179027074468,95.28023049645391,10833.918612568952,62.12765957446808,274.67699290780143
70,195,0.039182282793867124,0.08262350936967632,0.1030664395229983,0.6490630323679727,0.9667802385008518,0.07921635434412266,222.48727995457125,47310.90572988784,75.95357751277683,7372.735002819932,62.009369676320276,214.30937504992366
71,199,0.08209131771942275,0.10551218358173646,0.35770049680624555,0.5145493257629524,0.9375443577004968,0.05914360066240833,180.7694069868307,39438.20672008786,68.4150776752622,8647.92204281552,63.047551454932574,286.3037014097394
72,202,0.08262910798122065,0.08075117370892018,0.19624413145539907,0.5220657276995305,0.9258215962441314,0.06291079812206572,175.2312676056338,46300.273731631016,53.62704225352113,7897.913393446937,63.73145539906103,269.5199212820784
73,203,0.06451612903225806,0.0,0.0,0.43548387096774194,0.9354838709677419,0.0,120.0888440860215,6751.116507325086,54.293279569892476,2876.7849228516475,69.58064516129032,265.46498819826905
74,201,0.058823529411764705,0.022058823529411766,0.022058823529411766,0.3088235294117647,0.9411764705882353,0.022058823529411766,104.59718137254902,11554.839434383322,50.04901960784314,5387.464110142822,63.1985294117647,344.0714052287582
75,206,0.09482001755926252,0.07111501316944688,0.25021949078138717,0.5469710272168569,0.9148375768217735,0.04741000877963126,186.7171641791045,28721.309696100634,79.18587942639742,15718.326580604076,60.795434591747146,282.0767453953226
76,205,0.005263157894736842,0.005263157894736842,0.06842105263157895,0.13421052631578947,0.9947368421052631,0.002631578947368421,59.48666666666667,3623.859519788918,33.057543859649115,1064.5069936582881,58.61052631578947,463.63155117344814
77,200,0.0535279805352798,0.0364963503649635,0.0364963503649635,0.34793187347931875,0.9464720194647201,0.0364963503649635,131.5654906731549,57224.44791528034,48.79626926196269,2664.876794990736,63.454987834549875,341.74613969497364
78,204,0.04375,0.04375,0.04375,0.44375,0.95625,0.04375,130.92760416666664,12758.5562685076,71.67770833333333,5261.64329101153,69.2125,242.00487421383644
79,208,0.10547945205479452,0.07506849315068494,0.1378082191780822,0.5241095890410958,0.930958904109589,0.07068493150684932,186.93681278538813,58919.506349145835,61.290904109589036,7129.091217293869,65.33671232876712,307.4938834058496
80,210,0.07987220447284345,0.023961661341853034,0.07827476038338659,0.3546325878594249,0.9408945686900958,0.020766773162939296,118.92233759318424,17042.35833801136,54.36182108626198,5562.01481914945,65.41533546325878,290.9760204472844
81,207,0.06764705882352941,0.047058823529411764,0.3014705882352941,0.2926470588235294,0.9573529411764706,0.023529411764705882,106.78558823529409,13550.2599278158,61.07683823529412,6478.540575899173,65.23088235294118,267.15869141471023
82,209,0.05737704918032787,0.08196721311475409,0.16393442622950818,0.4098360655737705,0.9672131147540983,0.05737704918032787,133.54603825136613,14469.534793633055,43.42322404371584,2436.935535157838,62.09016393442623,370.6942826175314
83,217,0.10276679841897234,0.05691699604743083,0.14782608695652175,0.516205533596838,0.9138339920948617,0.0466403162055336,185.74851119894598,40961.57141238263,89.97710144927535,12982.840597780223,63.41343873517786,310.75693951068195
84,224,0.06378600823045268,0.02880658436213992,0.030864197530864196,0.38065843621399176,0.9403292181069959,0.02880658436213992,141.7690672153635,23122.73743179708,76.3005829903978,10392.651978468128,65.83333333333333,305.5659793814433
85,220,0.05089408528198074,0.033012379642365884,0.05364511691884457,0.3700137551581843,0.9601100412654745,0.030261348005502064,134.31198991288403,17867.639377393836,62.134066941769824,7511.175729488626,61.54057771664374,342.67844759966806
86,215,0.07142857142857142,0.041033434650455926,0.0486322188449848,0.3829787234042553,0.9346504559270516,0.041033434650455926,132.97365754812563,20158.971501027823,53.62001013171226,5245.659423101538,62.11702127659574,364.5509731532758
87,212,0.0,0.15,0.2,0.65,1.0,0.15,517.7433333333333,309993.58138596494,46.76,6040.163842105263,57.85,254.45000000000005
88,226,0.05173807599029911,0.05254648342764753,0.15198059822150364,0.5618431689571544,0.9555375909458367,0.05335489086499596,242.74688763136623,311652.5643635073,90.12976286715171,17768.881342644185,65.82457558609539,342.08651529302807
89,227,0.08300907911802853,0.06420233463035019,0.14915693904020752,0.49221789883268485,0.937094682230869,0.05188067444876784,165.27801556420235,40898.13608209305,60.900432338953735,7744.93212685889,63.78923476005188,268.14957903764883
90,244,0.030685920577617327,0.029783393501805054,0.0315884476534296,0.4287003610108303,0.9720216606498195,0.029783393501805054,135.12477436823104,13387.301725583893,62.470803249097465,5186.345371561374,62.35018050541516,323.9477235446241
91,245,0.02847571189279732,0.018425460636515914,0.018425460636515914,0.2529313232830821,0.9731993299832495,0.018425460636515914,96.69773869346734,5046.750524799613,54.45240089335567,2411.2585223766737,62.59966499162479,289.87134216946026
92,243,0.04407259014847985,0.04100872024510959,0.1496582606646241,0.454395474899835,0.9658260664624087,0.033231204336554326,152.64656296645455,24924.25259943919,68.1142705632807,6050.835700554155,63.49634692434598,245.10388811346706
93,246,0.0,0.013824884792626729,0.013824884792626729,0.02304147465437788,1.0,0.013824884792626729,60.3089861751152,773.9341511278944,31.389324116743474,198.8690688826307,29.235023041474655,75.84728622631849
94,252,0.10679323642835954,0.05665974488282409,0.10442005339661821,0.530999703352121,0.9074458617620884,0.05369326609314743,191.43276475823197,41814.405282812135,81.04723623059428,14083.92836138338,62.54286561851083,263.166930539503
95,251,0.05660377358490566,0.018867924528301886,0.018867924528301886,0.1540880503144654,0.9433962264150944,0.018867924528301886,73.43506289308176,5360.182400609421,37.5601677148847,1041.3747175322458,62.9685534591195,354.53528559807944
96,248,0.057210965435041714,0.032777115613825986,0.04052443384982122,0.4576877234803337,0.9463647199046484,0.032777115613825986,153.87967818831942,27300.020528605055,74.06865315852205,9354.063817359389,64.16448152562575,281.39809367854934
97,253,0.07327586206896551,0.05387931034482758,0.05603448275862069,0.44612068965517243,0.9331896551724138,0.05387931034482758,139.13706896551724,15480.743189758614,56.444504310344826,4867.68685538131,64.64655172413794,216.44067922842032
98,249,0.03910614525139665,0.025139664804469275,0.027932960893854747,0.3407821229050279,0.9636871508379888,0.025139664804469275,118.56587523277469,12186.014875655723,49.23510242085663,3454.7907562764394,66.39664804469274,282.094330469618
99,250,0.02252252252252252,0.009009009009009009,0.009009009009009009,0.07657657657657657,0.9774774774774775,0.009009009009009009,56.71981981981982,2165.320120731591,43.87837837837838,1236.1580673433614,64.76576576576576,402.1439810851576
100,264,0.10540385717013558,0.042390681687989304,0.10120297880465916,0.46152377315256826,0.9217109031888486,0.04086308955508879,154.6679205652091,25550.38816422406,77.3805486601744,8057.959925876658,62.76245942333397,286.65441167353464
101,266,0.060085836909871244,0.017167381974248927,0.02575107296137339,0.48068669527896996,0.944206008583691,0.012875536480686695,153.07138769670956,20054.428926370598,47.24241773962804,3344.020416399454,58.85407725321888,250.1941320112476
102,258,0.045845272206303724,0.034383954154727794,0.06017191977077364,0.2664756446991404,0.9598853868194842,0.03151862464183381,98.30477554918816,10039.69700937636,53.94106972301815,4650.013581419455,64.9025787965616,269.4962289628824
103,256,0.05131578947368421,0.038157894736842106,0.05,0.3157894736842105,0.9592105263157895,0.038157894736842106,105.55947368421054,8468.644029586481,54.027719298245614,2977.014645647936,65.1828947368421,221.45925906663894
104,267,0.004081632653061225,0.02040816326530612,0.02040816326530612,0.1673469387755102,0.9959183673469387,0.0163265306122449,64.26659863945578,3950.1232411155725,36.89945578231292,1054.0245488829414,65.45714285714286,259.51147540983607
105,259,0.14675767918088736,0.03583617747440273,0.05631399317406143,0.6228668941979523,0.8720136518771331,0.03583617747440273,242.5629692832764,61578.48283056049,100.92707622298066,16689.998598008617,59.117747440273035,284.98953064379685
106,262,0.025906735751295335,0.05181347150259067,0.06217616580310881,0.25906735751295334,0.9740932642487047,0.05181347150259067,92.20233160621761,6592.147866352428,38.85379965457686,3355.2483824781716,60.59585492227979,317.4712327288428
107,254,0.06621392190152801,0.11375212224108659,0.2563667232597623,0.38200339558573854,0.9371816638370118,0.06960950764006792,128.7314091680815,16240.938413713819,71.93073005093378,7629.221226204592,63.797962648556876,237.40979176050726
108,263,0.045454545454545456,0.015151515151515152,0.045454545454545456,0.07575757575757576,0.9696969696969697,0.015151515151515152,51.680808080808085,1786.0014379694383,30.78383838383839,664.0784783734783,65.28787878787878,391.96200466200474
109,265,0.0,0.0,0.24242424242424243,0.09090909090909091,1.0,0.0,70.58030303030301,2058.171066919192,22.457070707070706,456.01546927609417,66.27272727272727,267.07954545454544
110,272,0.04304029304029304,0.03388278388278388,0.04304029304029304,0.3708791208791209,0.9633699633699634,0.03388278388278388,120.89178876678875,11263.143939031823,70.0810286935287,5233.892567501773,62.357142857142854,265.58452271834494
111,281,0.05966021335440538,0.04780719083366258,0.1035163966811537,0.4693796918214145,0.9466613986566574,0.044251284077439744,153.5068023179244,54933.40833963465,74.52902015013828,7085.897736220015,65.11774002370605,270.2082661948362
112,271,0.05385427666314678,0.057022175290390706,0.061246040126715945,0.3505807814149947,0.9514255543822597,0.057022175290390706,143.27212249208023,177812.40187471276,54.89331221400914,4215.201248977707,61.87434002111932,269.86262839589136
113,283,0.07248450166905103,0.06723891273247497,0.11254172627563186,0.5102527420123987,0.9399141630901288,0.06437768240343347,153.56004609759972,16711.616523815723,64.86204101096806,5352.577821839496,70.40152598950883,241.445570189329
114,269,0.05758426966292135,0.07162921348314606,0.07303370786516854,0.4691011235955056,0.9508426966292135,0.07162921348314606,166.31615168539327,28027.307233677227,68.16977996254681,6923.6824754476875,66.28932584269663,276.7206735251821
115,279,0.05371900826446281,0.02203856749311295,0.02203856749311295,0.2837465564738292,0.9517906336088154,0.02203856749311295,93.33684573002755,6410.671352013868,49.44116161616162,2105.6781949553,64.17768595041322,334.27597036192645
116,268,0.09773123909249563,0.06108202443280977,0.06108202443280977,0.506108202443281,0.9092495636998255,0.06108202443280977,160.33938336242,20953.052290450487,71.26998254799301,5932.613086305056,64.58289703315882,301.6526440400786
117,277,0.048898071625344354,0.046143250688705235,0.07782369146005509,0.4772727272727273,0.9524793388429752,0.045454545454545456,151.61533516988064,17203.05239006294,66.60063131313132,5536.521780173954,63.90289256198347,331.8079309794898
118,280,0.05278592375366569,0.05767350928641251,0.06549364613880743,0.52297165200391,0.9530791788856305,0.056695992179863146,167.26746497230366,22365.116722290983,76.21303356142064,6788.8146255678,62.682306940371454,267.1719664927796
119,282,0.03425414364640884,0.022099447513812154,0.03314917127071823,0.30939226519337015,0.9657458563535911,0.022099447513812154,106.21664825046041,11808.182117440663,50.26815837937385,3098.295793925232,63.22541436464088,279.17037109470493
120,275,0.07836456558773425,0.05110732538330494,0.05110732538330494,0.4804088586030664,0.9301533219761499,0.05110732538330494,171.98583191368542,172096.24074839187,65.87044293015332,7475.210283876287,64.57751277683134,272.2614729840515
121,273,0.23391812865497075,0.18128654970760233,0.18128654970760233,0.8011695906432749,0.8070175438596491,0.18128654970760233,625.5238791423003,311011.3573104193,182.740350877193,37364.37026745787,68.22222222222223,209.39738562091506
122,312,0.0784,0.04,0.0496,0.3296,0.9296,0.04,115.17623999999999,13075.236642980055,45.06943999999999,3848.5523676524217,61.2304,301.3827282051282
123,307,0.06583917970858068,0.04749055585536967,0.09983810037776579,0.4970318402590394,0.9417161359956827,0.044252563410685376,166.54521496672064,22707.96344991327,63.88034718474546,6258.816973919475,62.54182406907717,269.9751666493772
124,300,0.06856510920652474,0.024329554879734587,0.08598285872269837,0.4912911252419132,0.9380702239424937,0.031794304672380425,174.41957423278964,40076.58492063972,80.31604921205418,16147.649738280148,61.04230024882499,351.2031327604894
125,318,0.07305577376276512,0.04556166535742341,0.07619795758051846,0.44776119402985076,0.9363707776904949,0.04477611940298507,184.41978266561927,214611.9805633087,63.59897879025923,11026.756031014313,62.1351139041634,274.7741827110723
126,310,0.04021655065738593,0.02320185614849188,0.2088167053364269,0.2668213457076566,0.9737045630317092,0.02088167053364269,100.73941737561228,8032.882347286705,50.84951018303687,3482.3679964059206,65.35808197989172,284.4374675257818
127,301,0.05118483412322275,0.034123222748815164,0.09004739336492891,0.3402843601895735,0.9507109004739337,0.029383886255924172,110.67748815165876,12702.944300610628,55.114960505529226,4273.401400206641,63.52701421800948,273.8149716269324
128,303,0.06622516556291391,0.046357615894039736,0.052980132450331126,0.45695364238410596,0.9337748344370861,0.046357615894039736,164.10165562913906,31151.98138427766,78.74238410596028,14431.39922124111,59.21854304635762,293.0519205298013
129,323,0.0,0.0,0.0,0.45454545454545453,1.0,0.09090909090909091,126.4560606060606,4433.3189595959575,53.51212121212121,817.2940050505051,72.54545454545455,222.07272727272726
130,338,0.06852198316183349,0.04653882132834425,0.10430308699719364,0.5219831618334893,0.9398971000935453,0.045369504209541625,174.19108590583102,29232.781164769847,71.93437012784534,8900.003809840986,61.702759588400376,297.91513624253963
131,345,0.05802047781569966,0.03754266211604096,0.06427758816837315,0.4926052332195677,0.949943117178612,0.03981797497155859,164.37064846416382,25379.736364013577,69.26811717861206,9741.344766913979,61.448805460750854,309.52242031386885
132,331,0.02828379674017258,0.028763183125599234,0.16778523489932887,0.275647171620326,0.9769894534995206,0.025407478427612654,98.04747523170342,7551.766612593978,46.17983381271972,2371.262125503943,62.72866730584851,293.73449673626396
133,337,0.08029197080291971,0.05656934306569343,0.08029197080291971,0.40875912408759124,0.9397810218978102,0.060218978102189784,140.78512773722628,19123.62880695095,61.40319343065693,8438.015088808339,62.512773722627735,291.96510161598104
134,342,0.01568627450980392,0.0196078431372549,0.058823529411764705,0.0784313725490196,0.984313725490196,0.023529411764705882,53.55091503267974,2222.9300757123497,36.81823529411765,1042.7481602593793,64.50980392156863,419.55797437085073
135,328,0.015238095238095238,0.007619047619047619,0.13523809523809524,0.09904761904761905,0.9847619047619047,0.005714285714285714,59.89336507936507,2283.990912742841,36.92015873015873,1194.2941385455792,58.304761904761904,533.6588513267902
136,336,0.06720977596741344,0.0274949083503055,0.08044806517311609,0.5560081466395111,0.9439918533604889,0.03054989816700611,169.15117107942976,19581.473581988823,77.72004412763069,10255.793327294461,63.13645621181263,257.522645124992
137,350,0.06451612903225806,0.0967741935483871,0.0967741935483871,0.5806451612903226,0.9354838709677419,0.0967741935483871,261.160752688172,97977.02836153709,78.4779569892473,7924.823959692109,66.61290322580645,310.3067160232681
138,352,0.04838709677419355,0.04838709677419355,0.04838709677419355,0.5645161290322581,0.9516129032258065,0.04838709677419355,191.8983870967742,35087.73010664553,109.35430107526878,15400.758961161058,64.8225806451613,254.3778424114226
139,351,0.06666666666666667,0.06666666666666667,0.06666666666666667,0.13333333333333333,0.9333333333333333,0.06666666666666667,75.76000000000002,2500.099952380953,59.826666666666675,2720.8765396825393,63.46666666666667,433.40952380952376
140,365,0.045739348370927316,0.05827067669172932,0.06892230576441102,0.5620300751879699,0.9617794486215538,0.05701754385964912,204.47593984962404,53464.60120061386,79.48141186299081,13445.632664017234,61.4078947368421,285.1419815212011
141,360,0.05244755244755245,0.03496503496503497,0.03496503496503497,0.479020979020979,0.951048951048951,0.03496503496503497,153.33776223776223,17525.444009555744,53.07552447552447,3122.097354012459,64.73076923076923,286.3518218623482
142,364,0.0243161094224924,0.03343465045592705,0.03343465045592705,0.3221884498480243,0.9787234042553191,0.03343465045592705,122.03105369807497,18221.606711420212,50.13343465045593,4139.967738810842,66.93617021276596,318.0721328489881
143,358,0.022222222222222223,0.03888888888888889,0.03888888888888889,0.34444444444444444,0.9777777777777777,0.03888888888888889,128.42162037037036,17200.44846889293,53.85837962962962,3612.4131414401286,60.355555555555554,321.8175177963479
144,353,0.04316546762589928,0.051798561151079135,0.051798561151079135,0.3841726618705036,0.9611510791366906,0.051798561151079135,134.1124700239808,17630.905610364734,62.494844124700236,5735.9845134843135,65.36402877697842,308.51714801069807
145,355,0.011904761904761904,0.03571428571428571,0.03571428571428571,0.2619047619047619,0.9880952380952381,0.03571428571428571,98.07499999999999,18836.170920348057,44.77579365079365,1947.3720776757818,65.82142857142857,351.2327882960413
146,357,0.03087248322147651,0.028187919463087248,0.028187919463087248,0.2644295302013423,0.9704697986577181,0.028187919463087248,91.4663087248322,7661.25849598879,35.38051454138702,1020.1729199111161,60.45771812080537,359.19209424839437
147,356,0.045454545454545456,0.07575757575757576,0.07575757575757576,0.45454545454545453,0.9696969696969697,0.07575757575757576,151.24368686868686,22295.86469030044,46.96237373737374,2188.570592398342,69.39393939393939,349.9347319347319
148,363,0.02857142857142857,0.014285714285714285,0.014285714285714285,0.11428571428571428,0.9714285714285714,0.014285714285714285,62.7552380952381,5864.767838509318,32.7197619047619,576.959116689671,61.4,413.5478260869565
149,361,0.0,0.0,0.0,0.07692307692307693,1.0,0.0,55.24743589743589,1759.0236502849002,36.62820512820513,910.2577492877494,77.07692307692308,219.91025641025638
150,394,0.04813664596273292,0.030020703933747412,0.057971014492753624,0.40942028985507245,0.9585921325051759,0.029503105590062112,146.90383022774327,57816.39171039225,77.02280020703932,44353.647489116614,60.41614906832298,369.29954228330826
151,400,0.10641110376734964,0.07865168539325842,0.07865168539325842,0.5703899537343027,0.9068076668869796,0.07865168539325842,220.1053315708306,55980.55495796061,84.98522802379378,10833.822376625294,63.008592200925314,292.0415927919232
152,397,0.08971553610503283,0.0350109409190372,0.0350109409190372,0.5382932166301969,0.912472647702407,0.03282275711159737,199.08501094091906,46223.8549789046,83.65426695842451,14856.886717255087,62.64332603938731,337.6641713693424
153,383,0.043912175648702596,0.05788423153692615,0.05788423153692615,0.4810379241516966,0.9560878243512974,0.05788423153692615,170.37122421823022,34975.58590529829,62.1063872255489,6993.987576899534,62.461077844311376,244.68098203592817
154,390,0.09848484848484848,0.04208754208754209,0.09259259259259259,0.5673400673400674,0.914983164983165,0.03872053872053872,185.26637205387206,43041.26687976898,78.7710016835017,15872.600779422632,65.79208754208754,249.3476374245119
155,382,0.04750402576489533,0.05152979066022544,0.09822866344605476,0.49516908212560384,0.9605475040257649,0.04911433172302738,181.74253891572732,158470.75112568226,85.88122651637144,129602.02431398373,63.312399355877616,302.68717892821877
156,391,0.08959835221421215,0.055612770339855816,0.05664263645726056,0.42018537590113286,0.9186405767250257,0.055612770339855816,166.51172330930308,72314.93170692405,73.86120837624442,47372.697032604774,61.25849639546859,286.80218289148183
157,381,0.03111111111111111,0.035555555555555556,0.035555555555555556,0.28444444444444444,0.9688888888888889,0.035555555555555556,96.45244444444445,10419.113442658734,53.50829629629629,2298.268271638007,66.36444444444444,314.13444444444445
158,388,0.08568548387096774,0.04334677419354839,0.04334677419354839,0.5272177419354839,0.9153225806451613,0.04334677419354839,206.0520665322581,66291.28878566794,105.9341565860215,22361.564793300717,61.090725806451616,358.4559381205039
159,386,0.10815939278937381,0.06072106261859583,0.06072106261859583,0.4307400379506641,0.8994307400379506,0.06072106261859583,141.21752055660974,18381.00877144946,66.5029411764706,9457.861810619052,60.97343453510437,283.98408380891914
160,389,0.053691275167785234,0.029082774049217,0.029082774049217,0.25279642058165547,0.9530201342281879,0.029082774049217,97.1489187173751,9641.25722291889,47.03281133482475,4425.92270899447,60.96420581655481,348.1915410158405
161,387,0.08488964346349745,0.057724957555178265,0.11035653650254669,0.49575551782682514,0.933786078098472,0.05432937181663837,200.5126768534239,231737.4275771193,108.43191850594228,196299.95166277187,63.27164685908319,293.2900280655556
162,403,0.055506607929515416,0.06167400881057269,0.06167400881057269,0.46079295154185024,0.9497797356828194,0.06167400881057269,162.38718061674007,38903.998805487136,51.891130690161525,4032.9924947521586,66.59295154185023,276.5713788468561
163,384,0.06097560975609756,0.042682926829268296,0.042682926829268296,0.44410569105691056,0.943089430894309,0.042682926829268296,152.51317750677507,24651.81281532553,58.18272357723577,5122.685391851172,65.77845528455285,321.7799626165132
164,404,0.049019607843137254,0.03676470588235294,0.03676470588235294,0.28431372549019607,0.9583333333333334,0.03676470588235294,101.29407679738561,7484.70635781336,54.85265522875817,3412.3934648134095,65.51470588235294,242.27496748084982
165,402,0.04938271604938271,0.03950617283950617,0.03950617283950617,0.2617283950617284,0.9506172839506173,0.03950617283950617,97.80308641975309,7732.000420180908,48.41633744855966,2233.7409721135696,65.15555555555555,241.64158415841584
166,407,0.05788712011577424,0.03762662807525326,0.10130246020260492,0.46599131693198265,0.9450072358900145,0.03762662807525326,162.49223347805113,32556.462457307083,80.7989387361312,8947.265043960653,62.532561505065125,263.34785125526963
167,393,0.0,0.023622047244094488,0.023622047244094488,0.16535433070866143,1.0,0.023622047244094488,69.79396325459317,2855.9976087711248,39.42178477690288,813.0026345317948,56.78740157480315,336.740157480315
168,399,0.054901960784313725,0.01568627450980392,0.01568627450980392,0.2235294117647059,0.9490196078431372,0.01568627450980392,100.22411764705883,18465.941186609027,63.75503267973857,14708.6169222977,67.70588235294117,309.0352014821677
169,398,0.061488673139158574,0.019417475728155338,0.022653721682847898,0.23624595469255663,0.9385113268608414,0.019417475728155338,89.44104638619201,6539.365301967898,60.515857605177985,3396.2579421643622,63.22006472491909,364.3799857100828
170,408,0.02857142857142857,0.014285714285714285,0.014285714285714285,0.2904761904761905,0.9714285714285714,0.014285714285714285,98.9113492063492,7030.86393357763,60.687380952380956,4185.027565941368,63.05238095238095,269.609683299157
171,405,0.051771117166212535,0.051771117166212535,0.051771117166212535,0.36239782016348776,0.9564032697547684,0.051771117166212535,145.44727520435967,56105.9166895801,64.39668483197094,22165.71363727956,61.88828337874659,301.8918568812257
172,396,0.05565217391304348,0.03304347826086956,0.03304347826086956,0.44869565217391305,0.9478260869565217,0.03304347826086956,152.12243478260868,24743.293285002277,86.80750724637682,12053.78018986517,62.53913043478261,231.43705499166796
173,392,0.0993006993006993,0.06573426573426573,0.06573426573426573,0.5832167832167832,0.9146853146853147,0.06573426573426573,238.51431235431235,93496.24636738752,109.8534965034965,49638.11208859768,62.62797202797203,327.84179350061703
174,401,0.15,0.05,0.05,0.45,0.85,0.05,146.14208333333335,16636.828347400286,73.40583333333333,14498.817828347577,62.45,278.3051282051282
175,409,0.0,0.0,0.0,0.08333333333333333,1.0,0.0,46.070833333333326,2164.180965909091,46.070833333333326,2164.180965909091,55.0,345.8181818181818
176,385,0.0,0.0,0.0,0.0,1.0,0.0,78.46666666666665,1050.961944444444,42.97777777777778,413.2456481481481,35.0,1.0
177,411,0.07095967489840575,0.10003125976867772,0.32697718036886525,0.5123476086276961,0.960300093779306,0.053454204438887154,210.80709075752839,73324.44504499069,53.819844743148906,9463.072023285595,62.59706158174429,280.8654197557437
178,413,0.03981750311074243,0.07880547490667773,0.12899211945250932,0.41144753214433843,0.9672335130651182,0.07258399004562423,151.2039610120282,29306.211507010186,54.69590764551361,8595.05110887962,63.45167980091249,232.28096294473292
179,412,0.06493506493506493,0.05519480519480519,0.06168831168831169,0.2305194805194805,0.9512987012987013,0.05194805194805195,97.37245670995672,11251.226034951069,36.3517316017316,3134.0137483490084,61.41883116883117,358.3158657303609
180,414,0.16666666666666666,0.3148148148148148,0.3148148148148148,0.8148148148148148,0.9074074074074074,0.25925925925925924,792.3808641975309,1036530.5777191552,193.39074074074074,50594.914346610756,61.53703703703704,111.68728162124386
181,417,0.06789178152118427,0.05461970393057682,0.14088820826952528,0.4282797345584482,0.9418070444104135,0.04134762633996937,138.87283477964945,19282.806332522854,56.97887527650162,4023.2508812618735,62.019397651863194,267.06499636834997
182,416,0.07074109720885467,0.06544754571703561,0.14340712223291627,0.5543792107795957,0.9432146294513956,0.05437921077959577,183.45054539621432,51554.229036775105,73.02965992941931,10518.221041974919,64.61838306063522,236.95155405251984
183,420,0.11703038083012408,0.06611039794608473,0.17180145485665382,0.566538296961917,0.9060761660248181,0.05327342747111682,202.8629974326059,45037.517067578614,97.52636927685066,17028.14617489073,63.204963628583656,282.4664337350346
184,424,0.029055690072639227,0.014527845036319613,0.021791767554479417,0.26634382566585957,0.9709443099273608,0.014527845036319613,99.0128732849072,10121.031335359581,62.02441485068604,5700.261760208279,63.15980629539951,336.8384776322904
185,422,0.03389830508474576,0.00847457627118644,0.02824858757062147,0.3107344632768362,0.9661016949152542,0.00847457627118644,100.490725047081,8604.000709293403,65.5939736346516,3818.935774093102,65.49152542372882,321.4744322273971
186,423,0.06046511627906977,0.023255813953488372,0.023255813953488372,0.3395348837209302,0.9395348837209302,0.023255813953488372,115.23844961240309,25584.93469332753,66.76480620155039,3521.272037020937,65.9860465116279,315.0418604651163
187,419,0.048582995951417005,0.032388663967611336,0.0708502024291498,0.4757085020242915,0.9595141700404858,0.02834008097165992,149.110020242915,16135.27503968857,53.380769230769225,4835.551948561918,65.99392712550608,309.62470949569274
188,425,0.04,0.01,0.043333333333333335,0.3333333333333333,0.96,0.01,104.69266666666667,6098.7680582683015,49.76277777777777,2015.5493772451377,59.846666666666664,319.2272463768116
189,421,0.09876543209876543,0.03527336860670194,0.037037037037037035,0.48500881834215165,0.9065255731922398,0.03527336860670194,149.25141093474426,15193.799687836918,73.89494415049971,7100.864053702214,61.735449735449734,345.2267092938471
190,439,0.09248554913294797,0.04046242774566474,0.04046242774566474,0.40173410404624277,0.9161849710982659,0.04046242774566474,138.42842003853565,17303.219447609208,59.14518304431599,5483.313572542887,64.92774566473989,323.1107062075898
191,435,0.07947019867549669,0.05827814569536424,0.09801324503311258,0.4986754966887417,0.9324503311258279,0.05695364238410596,167.0419536423841,65814.07452526549,55.688543046357616,4862.827756877426,64.89337748344371,229.9269938865702
192,428,0.07003891050583658,0.054474708171206226,0.054474708171206226,0.38132295719844356,0.9377431906614786,0.054474708171206226,133.2857328145266,14713.045824298126,53.463035019455255,3251.2185501276745,61.490272373540854,342.5946315661478
193,438,0.04040404040404041,0.03535353535353535,0.04040404040404041,0.3383838383838384,0.9696969696969697,0.030303030303030304,111.07424242424243,12558.185300466595,65.80993265993267,5665.213115731483,65.88888888888889,363.063733784546
194,440,0.054709800190294956,0.0780209324452902,0.3372978116079924,0.3401522359657469,0.9586108468125595,0.047573739295908656,118.55702505550268,16737.093094630607,41.869124643196955,3183.195396409334,61.695528068506185,300.4117743759371
195,429,0.0694006309148265,0.08517350157728706,0.08517350157728706,0.36908517350157727,0.9337539432176656,0.07570977917981073,130.9835436382755,17183.315501010482,69.85694006309149,6806.123661247099,58.829652996845425,300.8696242462964
196,437,0.1,0.02857142857142857,0.02857142857142857,0.4142857142857143,0.9,0.02857142857142857,130.05166666666665,12970.069067230274,51.21476190476191,4087.6771299746933,56.77142857142857,539.3962732919254
197,433,0.09722222222222222,0.027777777777777776,0.027777777777777776,0.4027777777777778,0.9027777777777778,0.020833333333333332,135.45104166666664,17022.23380038364,88.30439814814815,9499.248014709057,62.979166666666664,263.8666958041958
198,434,0.08312958435207823,0.04645476772616137,0.07823960880195599,0.35207823960880197,0.9242053789731052,0.044009779951100246,159.04612876935613,381470.45286011306,55.689079054604726,4274.802975484203,64.3960880195599,261.03390622752767
199,436,0.05228758169934641,0.0392156862745098,0.0392156862745098,0.3235294117647059,0.9575163398692811,0.0392156862745098,106.84558823529412,9461.431957703848,53.613017429193896,2102.6011369126277,64.2483660130719,264.3840137147755
200,443,0.09245076586433261,0.07986870897155361,0.12253829321663019,0.5790481400437637,0.9225929978118161,0.07357768052516411,236.69967633114513,79502.34779340486,95.46377188183807,19240.866014949737,54.37582056892779,296.0869008312704
201,445,0.04573170731707317,0.039634146341463415,0.039634146341463415,0.4298780487804878,0.9542682926829268,0.039634146341463415,133.57591463414636,16350.53208716632,58.12378048780487,3352.6632893679093,64.75,331.64373088685016
202,444,0.05754857997010463,0.042600896860986545,0.042600896860986545,0.4192825112107623,0.9484304932735426,0.042600896860986545,144.03145241654212,20058.768761314484,55.83523916292974,5665.785140759678,60.66517189835575,284.34554750221645
203,449,0.08246445497630332,0.047867298578199054,0.05687203791469194,0.5530805687203791,0.9241706161137441,0.04691943127962085,220.54558451816746,99325.44073875253,87.0285150078989,13992.860728577169,57.40710900473934,295.7891386272778
204,452,0.09725400457665904,0.07437070938215103,0.07437070938215103,0.540045766590389,0.9096109839816934,0.07437070938215103,228.01416857360798,85224.29279793974,56.216914569031275,4832.268573503447,65.33752860411899,269.00736433194146
205,447,0.07692307692307693,0.05128205128205128,0.05128205128205128,0.3076923076923077,0.9230769230769231,0.05128205128205128,98.82863247863249,8288.451943694708,39.20683760683761,1342.2725835957415,63.58974358974359,351.40620782726046
206,459,0.06260575296108291,0.0727580372250423,0.07614213197969544,0.5245346869712352,0.9424703891708968,0.0727580372250423,191.94294980259446,100571.85231555885,57.8660744500846,6935.1869746957655,66.08798646362098,284.49055034557915
207,458,0.10108108108108108,0.05540540540540541,0.10297297297297298,0.5613513513513514,0.9094594594594595,0.04972972972972973,225.74603603603606,233747.6250846102,83.14082432432433,14021.715861910794,61.44162162162162,279.89250885922417
